<?xml version="1.0" encoding="utf-8"?>
<!--/259629/924723/2.49/6/2/Power Supply/-->
<quadcept_library>
  <setting unit="mil" />
  <textstyle name="Default" height="47.244094488189" strokewidth="7.8740157480315" charwidth="47.244094488189" />
  <textstyle name="Dimension" height="19.6850393700787" strokewidth="0" charwidth="19.6850393700787" />
  <textstyle name="H127W0635TH00762" height="50" strokewidth="3" charwidth="25" />
  <textstyle name="H15W15TH02" height="59.0551181102362" strokewidth="7.8740157480315" charwidth="59.0551181102362" />
  <padstyle name="c187.5_h125" surface="False" plated="True" isvia="False" nopaste="True" nomask="True" complex="False" holesize="49.212598425196">
    <padshape layer="TOP" shape="round" width="73.818897637794" height="73.818897637794" />
    <padshape layer="TOP_SOLDER_MASK" shape="round" width="81.692913385826" height="81.692913385826" />
    <padshape layer="INNER" shape="round" width="73.818897637794" height="73.818897637794" />
    <padshape layer="BOTTOM" shape="round" width="73.818897637794" height="73.818897637794" />
    <padshape layer="BOTTOM_SOLDER_MASK" shape="round" width="81.692913385826" height="81.692913385826" />
  </padstyle>
  <footprint name="TEN251211" originx="0" originy="0" pickpointx="0" pickpointy="0">
    <pcbpin number="1" name="1" style="c187.5_h125" originx="0" originy="0" rotation="90" />
    <pcbpin number="2" name="2" style="c187.5_h125" originx="0" originy="-200" rotation="90" />
    <pcbpin number="3" name="3" style="c187.5_h125" originx="0" originy="-599.99999999999" rotation="90" />
    <pcbpin number="4" name="5" style="c187.5_h125" originx="-1800" originy="99.999999999999" rotation="90" />
    <pcbpin number="5" name="6" style="c187.5_h125" originx="-1800" originy="-300" rotation="90" />
    <pcbpin number="6" name="7" style="c187.5_h125" originx="-1800" originy="-699.99999999999" rotation="90" />
    <line layer="TOP_ASSEMBLY" originx="-1900" originy="-899.21259842519" endx="99.999999999999" endy="-899.21259842519" width="7.8740157480314" />
    <line layer="TOP_ASSEMBLY" originx="99.999999999999" originy="-899.21259842519" endx="99.999999999999" endy="699.21259842519" width="7.8740157480314" />
    <line layer="TOP_ASSEMBLY" originx="99.999999999999" originy="699.21259842519" endx="-1900" endy="699.21259842519" width="7.8740157480314" />
    <line layer="TOP_ASSEMBLY" originx="-1900" originy="699.21259842519" endx="-1900" endy="-899.21259842519" width="7.8740157480314" />
    <line layer="TOP_SILKSCREEN" originx="-1900" originy="-899.21259842519" endx="99.999999999999" endy="-899.21259842519" width="3.9370078740157" />
    <line layer="TOP_SILKSCREEN" originx="99.999999999999" originy="-899.21259842519" endx="99.999999999999" endy="699.21259842519" width="3.9370078740157" />
    <line layer="TOP_SILKSCREEN" originx="99.999999999999" originy="699.21259842519" endx="-1900" endy="699.21259842519" width="3.9370078740157" />
    <line layer="TOP_SILKSCREEN" originx="-1900" originy="699.21259842519" endx="-1900" endy="-899.21259842519" width="3.9370078740157" />
    <line layer="TOP_PLACE_BOUND" originx="-1939.3700787401" originy="-938.58267716534" endx="177.16535433071" endy="-938.58267716534" width="3.9370078740157" />
    <line layer="TOP_PLACE_BOUND" originx="177.16535433071" originy="-938.58267716534" endx="177.16535433071" endy="738.58267716535" width="3.9370078740157" />
    <line layer="TOP_PLACE_BOUND" originx="177.16535433071" originy="738.58267716535" endx="-1939.3700787401" endy="738.58267716535" width="3.9370078740157" />
    <line layer="TOP_PLACE_BOUND" originx="-1939.3700787401" originy="738.58267716535" endx="-1939.3700787401" endy="-938.58267716534" width="3.9370078740157" />
    <line layer="TOP_SILKSCREEN" originx="137.79527559055" originy="0" endx="137.79527559055" endy="0" width="7.8740157480314" />
    <arc layer="TOP_SILKSCREEN" originx="133.85826771653" originy="0" startangle=".0" sweepangle="180.0" radius="3.9370078740157" width="7.8740157480314" />
    <line layer="TOP_SILKSCREEN" originx="129.92125984252" originy="0" endx="129.92125984252" endy="0" width="7.8740157480314" />
    <arc layer="TOP_SILKSCREEN" originx="133.85826771653" originy="0" startangle="-180.0" sweepangle="180.0" radius="3.9370078740157" width="7.8740157480314" />
  </footprint>
  <symbol name="TEN_25-1211" originx="0" originy="0">
    <line originx="200" originy="100" endx="1500" endy="100" width="0" />
    <line originx="1500" originy="-300" endx="1500" endy="100" width="0" />
    <line originx="1500" originy="-300" endx="200" endy="-300" width="0" />
    <line originx="200" originy="100" endx="200" endy="-300" width="0" />
    <sympin number="1" originx="1500" originy="0" rotation="0" length="100" width="7.8740157480315" flipped="False">
      <text name="pinname" originx="1470" originy="0" style="Default" rotation="0" justify="right" flipped="False" hidden="False" data="+VIN_(VCC)" />
      <text name="pindes" originx="1560" originy="20" style="Default" rotation="0" justify="lowerleft" flipped="False" hidden="False" data="1" />
    </sympin>
    <sympin number="2" originx="1500" originy="-100" rotation="0" length="100" width="7.8740157480315" flipped="False">
      <text name="pinname" originx="1470" originy="-100" style="Default" rotation="0" justify="right" flipped="False" hidden="False" data="-VIN_(GND)" />
      <text name="pindes" originx="1560" originy="-80" style="Default" rotation="0" justify="lowerleft" flipped="False" hidden="False" data="2" />
    </sympin>
    <sympin number="3" originx="1500" originy="-200" rotation="0" length="100" width="7.8740157480315" flipped="False">
      <text name="pinname" originx="1470" originy="-200" style="Default" rotation="0" justify="right" flipped="False" hidden="False" data="REMOTE_ON/OFF" />
      <text name="pindes" originx="1560" originy="-180" style="Default" rotation="0" justify="lowerleft" flipped="False" hidden="False" data="3" />
    </sympin>
    <sympin number="5" originx="200" originy="0" rotation="180" length="100" width="7.8740157480315" flipped="False">
      <text name="pinname" originx="230" originy="0" style="Default" rotation="0" justify="left" flipped="False" hidden="False" data="+VOUT" />
      <text name="pindes" originx="140" originy="20" style="Default" rotation="0" justify="lowerright" flipped="False" hidden="False" data="5" />
    </sympin>
    <sympin number="6" originx="200" originy="-100" rotation="180" length="100" width="7.8740157480315" flipped="False">
      <text name="pinname" originx="230" originy="-100" style="Default" rotation="0" justify="left" flipped="False" hidden="False" data="-VOUT" />
      <text name="pindes" originx="140" originy="-80" style="Default" rotation="0" justify="lowerright" flipped="False" hidden="False" data="6" />
    </sympin>
    <sympin number="7" originx="200" originy="-200" rotation="180" length="100" width="7.8740157480315" flipped="False">
      <text name="pinname" originx="230" originy="-200" style="Default" rotation="0" justify="left" flipped="False" hidden="False" data="TRIM" />
      <text name="pindes" originx="140" originy="-180" style="Default" rotation="0" justify="lowerright" flipped="False" hidden="False" data="7" />
    </sympin>
  </symbol>
  <component name="TEN_25-1211" designatorprefix="PS" height="393.70078740157" footprint="TEN251211">
    <comppin designator="1" sympin="1" pinswap="0" gateswap="0" gate="1" group="1" side="" type="Any" name="+VIN_(VCC)" />
    <comppin designator="2" sympin="2" pinswap="0" gateswap="0" gate="1" group="1" side="" type="Any" name="-VIN_(GND)" />
    <comppin designator="3" sympin="3" pinswap="0" gateswap="0" gate="1" group="1" side="" type="Any" name="REMOTE_ON/OFF" />
    <comppin designator="5" sympin="5" pinswap="0" gateswap="0" gate="1" group="1" side="" type="Any" name="+VOUT" />
    <comppin designator="6" sympin="6" pinswap="0" gateswap="0" gate="1" group="1" side="" type="Any" name="-VOUT" />
    <comppin designator="7" sympin="7" pinswap="0" gateswap="0" gate="1" group="1" side="" type="Any" name="TRIM" />
    <attached_symbol gate="1" name="TEN_25-1211" />
    <pinmap designator="1" footprintpin="1" />
    <pinmap designator="2" footprintpin="2" />
    <pinmap designator="3" footprintpin="3" />
    <pinmap designator="5" footprintpin="4" />
    <pinmap designator="6" footprintpin="5" />
    <pinmap designator="7" footprintpin="6" />
    <text name="Datasheet" originx="0" originy="0" style="Default" rotation="0" justify="" flipped="False" hidden="True" data="https://tracopower.com/ten25-datasheet/" />
    <text name="Description" originx="0" originy="0" style="Default" rotation="0" justify="" flipped="False" hidden="True" data="25 Watt DC/DC converter, industrial, 2:1 input, encapsulated, 2&quot; x 1.6&quot; metal package" />
    <text name="Manufacturer_Name" originx="0" originy="0" style="Default" rotation="0" justify="" flipped="False" hidden="True" data="Traco Power" />
    <text name="Manufacturer_Part_Number" originx="1550" originy="200" style="Default" rotation="0" justify="left" flipped="False" hidden="False" data="TEN 25-1211" />
    <text name="Mouser Part Number" originx="0" originy="0" style="Default" rotation="0" justify="" flipped="False" hidden="True" data="495-TEN25-1211" />
    <text name="Mouser Price/Stock" originx="0" originy="0" style="Default" rotation="0" justify="" flipped="False" hidden="True" data="https://www.mouser.co.uk/ProductDetail/TRACO-Power/TEN-25-1211?qs=ckJk83FOD0XS9kGQInWe%252BQ%3D%3D" />
    <text name="Arrow Part Number" originx="0" originy="0" style="Default" rotation="0" justify="" flipped="False" hidden="True" data="" />
    <text name="Arrow Price/Stock" originx="0" originy="0" style="Default" rotation="0" justify="" flipped="False" hidden="True" data="" />
  </component>
</quadcept_library>
