<?xml version="1.0" encoding="utf-8"?>
<!--/465099/924723/2.49/3/4/Inductor/-->
<quadcept_library>
  <setting unit="mil" />
  <textstyle name="Default" height="47.244094488189" strokewidth="7.8740157480315" charwidth="47.244094488189" />
  <textstyle name="Dimension" height="19.6850393700787" strokewidth="0" charwidth="19.6850393700787" />
  <textstyle name="H127W0635TH00762" height="50" strokewidth="3" charwidth="25" />
  <textstyle name="H15W15TH02" height="59.0551181102362" strokewidth="7.8740157480315" charwidth="59.0551181102362" />
  <padstyle name="r559_533" surface="True" plated="False" isvia="False" nopaste="False" nomask="True" complex="False" holesize="0">
    <padshape layer="TOP" shape="rectangle" width="209.84251968504" height="220.07874015748" />
    <padshape layer="TOP_SOLDER_MASK" shape="rectangle" width="217.71653543307" height="227.95275590551" />
    <padshape layer="TOP_SOLDER_PASTE" shape="rectangle" width="209.84251968504" height="220.07874015748" />
  </padstyle>
  <padstyle name="r635_528" surface="True" plated="False" isvia="False" nopaste="False" nomask="True" complex="False" holesize="0">
    <padshape layer="TOP" shape="rectangle" width="207.87401574803" height="250" />
    <padshape layer="TOP_SOLDER_MASK" shape="rectangle" width="215.74803149606" height="257.87401574803" />
    <padshape layer="TOP_SOLDER_PASTE" shape="rectangle" width="207.87401574803" height="250" />
  </padstyle>
  <footprint name="74436413300" originx="0" originy="0" pickpointx="0" pickpointy="0">
    <pcbpin number="1" name="1" style="r559_533" originx="-199.8031496063" originy="-419.68503937007" rotation="0" />
    <pcbpin number="2" name="2" style="r559_533" originx="199.8031496063" originy="-419.68503937007" rotation="0" />
    <pcbpin number="3" name="3" style="r635_528" originx="-0" originy="449.40944881889" rotation="90" />
    <line layer="TOP_ASSEMBLY" originx="-499.99999999999" originy="533.26771653543" endx="499.99999999999" endy="533.26771653543" width="7.8740157480314" />
    <line layer="TOP_ASSEMBLY" originx="499.99999999999" originy="533.26771653543" endx="499.99999999999" endy="-265.94488188976" width="7.8740157480314" />
    <line layer="TOP_ASSEMBLY" originx="499.99999999999" originy="-265.94488188976" endx="-499.99999999999" endy="-265.94488188976" width="7.8740157480314" />
    <line layer="TOP_ASSEMBLY" originx="-499.99999999999" originy="-265.94488188976" endx="-499.99999999999" endy="533.26771653543" width="7.8740157480314" />
    <line layer="TOP_PLACE_BOUND" originx="-539.37007874015" originy="592.71653543306" endx="539.37007874015" endy="592.71653543306" width="3.9370078740157" />
    <line layer="TOP_PLACE_BOUND" originx="539.37007874015" originy="592.71653543306" endx="539.37007874015" endy="-592.71653543306" width="3.9370078740157" />
    <line layer="TOP_PLACE_BOUND" originx="539.37007874015" originy="-592.71653543306" endx="-539.37007874015" endy="-592.71653543306" width="3.9370078740157" />
    <line layer="TOP_PLACE_BOUND" originx="-539.37007874015" originy="-592.71653543306" endx="-539.37007874015" endy="592.71653543306" width="3.9370078740157" />
    <line layer="TOP_SILKSCREEN" originx="-200" originy="533.26771653543" endx="-499.99999999999" endy="533.26771653543" width="3.9370078740157" />
    <line layer="TOP_SILKSCREEN" originx="-499.99999999999" originy="533.26771653543" endx="-499.99999999999" endy="-266.73228346456" width="3.9370078740157" />
    <line layer="TOP_SILKSCREEN" originx="-499.99999999999" originy="-266.73228346456" endx="499.99999999999" endy="-265.94488188976" width="3.9370078740157" />
    <line layer="TOP_SILKSCREEN" originx="499.99999999999" originy="-265.94488188976" endx="499.99999999999" endy="533.26771653543" width="3.9370078740157" />
    <line layer="TOP_SILKSCREEN" originx="499.99999999999" originy="533.26771653543" endx="200" endy="533.26771653543" width="3.9370078740157" />
    <line layer="TOP_SILKSCREEN" originx="-200.7874015748" originy="-549.40944881889" endx="-200.7874015748" endy="-549.40944881889" width="7.8740157480314" />
    <arc layer="TOP_SILKSCREEN" originx="-196.85039370078" originy="-549.40944881889" startangle="180.0" sweepangle="-180.0" radius="3.9370078740157" width="7.8740157480314" />
    <line layer="TOP_SILKSCREEN" originx="-192.91338582677" originy="-549.40944881889" endx="-192.91338582677" endy="-549.40944881889" width="7.8740157480314" />
    <arc layer="TOP_SILKSCREEN" originx="-196.85039370078" originy="-549.40944881889" startangle=".0" sweepangle="-180.0" radius="3.9370078740157" width="7.8740157480314" />
  </footprint>
  <symbol name="7443641500" originx="0" originy="0">
    <line originx="200" originy="100" endx="600" endy="100" width="0" />
    <line originx="600" originy="-200" endx="600" endy="100" width="0" />
    <line originx="600" originy="-200" endx="200" endy="-200" width="0" />
    <line originx="200" originy="100" endx="200" endy="-200" width="0" />
    <sympin number="1" originx="200" originy="0" rotation="180" length="100" width="7.8740157480315" flipped="False">
      <text name="pinname" originx="230" originy="0" style="Default" rotation="0" justify="left" flipped="False" hidden="False" data="1" />
      <text name="pindes" originx="140" originy="20" style="Default" rotation="0" justify="lowerright" flipped="False" hidden="False" data="1" />
    </sympin>
    <sympin number="2" originx="200" originy="-100" rotation="180" length="100" width="7.8740157480315" flipped="False">
      <text name="pinname" originx="230" originy="-100" style="Default" rotation="0" justify="left" flipped="False" hidden="False" data="2" />
      <text name="pindes" originx="140" originy="-80" style="Default" rotation="0" justify="lowerright" flipped="False" hidden="False" data="2" />
    </sympin>
    <sympin number="3" originx="600" originy="0" rotation="0" length="100" width="7.8740157480315" flipped="False">
      <text name="pinname" originx="570" originy="0" style="Default" rotation="0" justify="right" flipped="False" hidden="False" data="3" />
      <text name="pindes" originx="660" originy="20" style="Default" rotation="0" justify="lowerleft" flipped="False" hidden="False" data="3" />
    </sympin>
  </symbol>
  <component name="7443641500" designatorprefix="L" height="590.55118110236" footprint="74436413300">
    <comppin designator="1" sympin="1" pinswap="0" gateswap="0" gate="1" group="1" side="" type="Any" name="1" />
    <comppin designator="2" sympin="2" pinswap="0" gateswap="0" gate="1" group="1" side="" type="Any" name="2" />
    <comppin designator="3" sympin="3" pinswap="0" gateswap="0" gate="1" group="1" side="" type="Any" name="3" />
    <attached_symbol gate="1" name="7443641500" />
    <pinmap designator="1" footprintpin="1" />
    <pinmap designator="2" footprintpin="2" />
    <pinmap designator="3" footprintpin="3" />
    <text name="Datasheet" originx="0" originy="0" style="Default" rotation="0" justify="" flipped="False" hidden="True" data="http://katalog.we-online.com/pbs/datasheet/7443641500.pdf" />
    <text name="Description" originx="0" originy="0" style="Default" rotation="0" justify="" flipped="False" hidden="True" data="Wurth WE-HCF Series Shielded Wire-wound SMD Inductor with a MnZn Core, 15 uH +/-15% 30A Idc" />
    <text name="Manufacturer_Name" originx="0" originy="0" style="Default" rotation="0" justify="" flipped="False" hidden="True" data="Wurth Elektronik" />
    <text name="Manufacturer_Part_Number" originx="650" originy="200" style="Default" rotation="0" justify="left" flipped="False" hidden="False" data="7443641500" />
    <text name="Mouser Part Number" originx="0" originy="0" style="Default" rotation="0" justify="" flipped="False" hidden="True" data="710-7443641500" />
    <text name="Mouser Price/Stock" originx="0" originy="0" style="Default" rotation="0" justify="" flipped="False" hidden="True" data="https://www.mouser.co.uk/ProductDetail/Wurth-Elektronik/7443641500?qs=Zt3UNFD9mQgHteqNok2K9A%3D%3D" />
    <text name="Arrow Part Number" originx="0" originy="0" style="Default" rotation="0" justify="" flipped="False" hidden="True" data="" />
    <text name="Arrow Price/Stock" originx="0" originy="0" style="Default" rotation="0" justify="" flipped="False" hidden="True" data="" />
  </component>
</quadcept_library>
